tname,title,duration,owner_name,view,danmaku,reply,favourite,coin,share,like,pub_location
鬼畜调教,“小时候以为是童话，长大后才知是现实”,168,纽毕斯,2101591,2082,5658,146858,156537,22462,439855,山东
手机游戏,《异环》「奇点测试」PV丨伊波恩往事,122,异环,938646,828,2370,4340,3954,2821,31119,北京
出行,这就是“滴滴代滑”吗！！我雇了3个男大学生当哈尔滨地陪…,373,孰可司,33486,270,153,1457,1494,1143,8246,北京
音MAD,【夜神月】星とWらと,110,杨浪浪了,90423,219,614,9034,3444,3962,26381,辽宁
宅舞,月色下的纯白旗袍~寄明月！,119,咝小喵MAO,171522,313,512,13120,2202,454,13525,湖南
同人・手书,【蔚蓝档案】这次的夏天也请多多关照~,1076,韩国画师Zeroku,207600,1192,1154,26519,29332,4897,38275,韩国
极客DIY,《坦克模拟器4》,137,马鹿blyat,3418956,89850,10536,128710,277472,76533,507617,辽宁
宅舞,猫 步 轻 点，水 中 起 舞！?? 月白 【咬人猫】,172,=咬人猫=,1514174,1158,3596,52891,33729,5960,121505,四川
特摄,【4K 奥特无缝衔接】震撼大赏！纵享丝滑到飞起的视觉盛宴！！,121,吃不完的赛罗酱,3980459,1421,2925,161177,138331,23568,428542,重庆
MV,IRENE《Like A Flower》MV,225,SMTOWN,440327,3851,4681,20068,41030,20223,53987,韩国
动漫杂谈,这说个是全网第一个发现的不过分吧。,194,红云下的冰块,99395,70,315,1128,790,310,8862,江西
短片,抽象2024热梗合集,63,无敌灏克,1459737,717,4703,34433,5426,36748,241431,湖南
综合,这次，别再丢下我了,314,牙牙的包裹,1528092,3237,4567,90274,127147,19395,228045,陕西
影视杂谈,这一次，摄影机不再对准受害人的裙底！年度最精彩悬疑复仇大片！丨深度解析《因果报应》,624,42手册,262514,261,476,11439,6688,1095,33006,浙江
单机游戏,【极致还原】偷心少女乐队  第一集  （GIRLS BAND PERSONA 5）,838,沙雕_bowl,276964,1410,2018,25376,48043,13836,48851,湖北
电子竞技,我就是我 不是任何人的影子,149,三桑小鱼搁浅了l,68799,160,247,1278,1142,1083,7717,河北
鬼畜剧场,《公元190年，曹操刺董 珍贵录像》,228,是蒋先生哇,238271,612,365,3918,3293,2319,15199,重庆
喵星人,两情若是久长时 又岂在猫猫狗狗,298,白云猫狗,317087,485,812,6100,5383,2303,21325,云南
短片,这是一个走心的故事。,124,宗恒Actor,954782,371,1549,14378,13953,4108,133589,广东
社科・法律・心理,烂尾楼业主以身入局,283,戴总请回答,729306,506,1257,13800,34261,2610,96355,四川
绘画,??踩点不小心把阎王爷踩似了??,32,CJY_e,1503617,11564,1555,67694,40947,5303,349808,广东
鬼畜调教,?小作坊下料就是猛?,121,污污云,93446,79,139,1097,1717,251,5789,山东
手工,啥叫过度女性化呀？,21,7号人的粘土世界,106941,44,180,1914,606,901,21054,北京
明星综合,【登陆少年】 苏新皓人物概念影像Teaser,11,登陆少年组合,90812,12848,7174,12941,22274,5582,22565,北京
搞笑,超超超喜欢我的100个甲方,337,逗比的雀巢,2988132,8440,8235,51918,151542,15497,362535,四川
同人・手书,听说地府有两个温暖的鬼差,23,卷er,931140,307,2744,104640,40483,11069,281692,陕西
仿妆cos,【白西瓜】愿每个平行时空的你都有幸福的结局,27,白西瓜SY,271537,169,1712,9580,15313,5118,53187,浙江
仿妆cos,诶，好像是全网首发洛可可cos？！,17,我系妖妹,230047,122,1331,11381,6187,2914,41711,浙江
同人・手书,【第五人格手书】喧嚣剧组现代pa,122,夏小名,84105,233,386,13519,7867,2156,18897,天津
美食侦探,【一点青椒肉z】白米饭3斤半,254,米饭仙人FFyasueda,2356476,102218,6564,9925,35419,6484,172504,日本
影视整活,【哈利波特】57种咒语实操教程|麻瓜慎入！,256,霍格沃茨驻B办,133758,361,312,27055,2993,2646,26546,安徽
人文历史,这片叶子会吐丝，能织出彝族传承千年的火草衣,383,江寻千,596652,867,984,12020,25719,1273,74388,广东
明星综合,【SVT_ZER・0】[MV] SEVENTEEN - 消费期限 零站中字,205,SEVENTEEN_ZER0站,113940,1643,1042,4881,2093,5462,13094,广东
单机游戏,你们的纸片人老婆是真实存在的，爱可穿越时空,65,繁星-刘刘量子版,71182,137,489,7954,1002,1348,19058,河南
影视杂谈,邪恶艺术巅峰之作！变态美食家们，你们的终点到了《汉尼拔》S03,2830,正经的瓜皮酱,173061,1754,500,5123,14428,306,17550,上海
鬼畜剧场,速 通 记 忆 碎 片,69,皮陌涩拉,151903,108,363,3552,982,711,10822,广西
综合,使劲凑一凑！万一能凑出来一锅200元的白粥呢？【主播说三农】,281,央视农业,1136842,3616,10399,7420,8160,4259,116657,
影视杂谈,网友立大功！破解重大诱拐儿童案，居然靠网友评论？国产刑侦剧《白夜破晓》第二案,1614,小片片说大片,544672,1954,853,4271,15838,362,45165,北京
日常,小米SU7 Max一万公里驾驶体验｜不负期待！,1164,普通人GreyWolfe,93299,470,664,2185,8105,694,7704,北京
原创音乐,成龙历险记.я?мιχ,41,ariiol,632401,349,1779,63271,21950,7544,138506,福建
鬼畜剧场,在不同时代吹牛逼,68,啊Pro派,585650,372,412,14844,5198,4587,50018,广东
美食制作,《熏鸡：我配拥有你一个赞吗》,207,记录生活的蛋黄派,884315,5258,939,6948,23167,2021,95364,广东
健身,6块钱一斤包的塘，河虾50一斤，多抓点虾岂不赚翻？,790,李维刚的日常,1645674,5481,4719,23629,347872,2733,285383,湖南
同人・手书,【鸣潮原创PV】来时再逢椿,130,可靠de伏特加,242337,432,1774,19293,40910,5038,47815,黑龙江
人文历史,今夜，北京大寒。,416,都靓Amber,54005,131,196,1507,2545,544,13706,北京
日常,网恋七年，终于奔现！,2688,小缸,452139,8015,2592,12525,66541,1956,46210,湖南
健身,减脂成功365天后，他的身体发生了什么变化?！,570,帅soserious,218542,625,938,9439,9621,2862,16645,美国
同人・手书,用爱感化反派后，她们觉醒记忆找上门了【P7】,621,圆桌动漫,265512,922,676,8120,9768,208,18233,上海
音乐综合,[AI] BIGBANG - HOME SWEET HOME（五人完整版）| 中文歌词字幕,203,Yelenn,561493,3800,2989,26814,29737,14168,36045,广东
娱乐杂谈,受不了了！《再见爱人4》解说,809,郭本尼,1525792,8784,6388,10977,55640,12805,84033,北京
明星综合,爱意磅礴无声，却不惧流言《蜚蜚》・ 马嘉祺 | 时代少年团五周年演唱会,260,马嘉祺放映馆,368160,127297,72481,25745,32320,36397,30575,海南
仿妆cos,这才叫作??爱??,43,一颗小趴菜哟,229373,66,529,20071,3165,2211,40629,北京
社会,跟东子玩的奶龙才是真奶龙！,20,山东卫视,310589,1018,5686,2949,587,22694,23233,山东
音乐粉丝饭拍,【时代少年团】4K高清舞台 「走马」丨20241124 《一起走过的日子》五周年演唱会重庆站 多机位高清4K直拍focus,316,光环记载册,175889,3038,1184,11327,11768,3652,17081,广东
财经商业,垃圾国潮外卖的好评和订单量，都是怎么被刷出来的？,695,知危编辑部,452809,1202,2507,6772,5349,3713,18160,浙江
美食侦探,探秘美国人的廉价盒饭！15块钱能有4斤美食离谱！,459,子文又饿了,539899,3221,2977,2931,4056,1549,25579,美国
电台,EXO《初雪》百万豪装录音棚大声听【Hi-res】,210,JLRS-LeoFM,166637,212,693,4243,2001,884,8576,吉林
手工,听说三天三夜不睡觉能驯服一只鹰？,407,南翔不爱吃饭,824353,932,1090,19885,11319,816,39305,江苏
赛车,30万的小米，能赢168万的超跑吗？,833,堂主撩,483394,3479,4832,4735,34299,1540,38488,北京
数码,「小白」华为Mate70/非凡大师系列体验：全芯启航！刷新历史,951,小白测评,783287,12383,7795,8836,20664,2881,35471,湖北
鬼畜调教,你 管 这 叫 反 派 ？,224,洛温阿特金森,830941,387,899,8093,14262,2885,63937,上海
搞笑,究极浪漫！下雨天，我们看到了奇迹般的烟花…【青春旅行团05】,2494,老番茄,3152289,60547,6687,92502,219350,16795,266081,上海
翻唱,听说这是一首谁唱都不会跑调的歌,112,浅影阿_,76438,79,427,839,1905,139,6098,广东
美食制作,这个冬天开始学会给女朋友做一碗热饮吧！女生也可以自己做！,127,茄猫的罐头,781294,183,957,90300,12043,6340,34642,四川
同人・手书,逐帧纸绘meme】?一键三连变成女孩子是坠可爱的！2.0 (*RQ) ??????【新成员追加】【爆肝500帧】,79,略nd,494658,742,2274,35769,60347,2758,121676,江西
鬼畜剧场,杰斯怒斥艾克、大头、维克托、皮城守卫军,108,酸奶煎个蛋,894175,913,2558,16879,22324,20110,48066,江苏
电子竞技,【神奇教学在这里】两个月万字稿，用24分钟提升全体王者荣耀玩家的理解,1442,浅梦-Dream,434978,1015,1760,42419,13749,4854,26573,上海
亲子,日本人父母来中国啦～,327,加藤在中国,285837,943,1007,2199,3675,514,44218,福建
财经商业,门店不及肯德基1/6，营收只有麦当劳1/12，汉堡王为啥不火？,602,财经不眠姐,275612,2552,3174,1559,546,434,11722,广东
短片,"diy隔天长痘,难道是肾虚?!",72,对话中的暂停,124217,134,868,2518,7456,673,34636,上海
VOCALOID・UTAU,DECO*27 - モニタリング feat. 初音ミク,182,DECO27_Official,743607,8663,6266,73302,51847,23206,114134,日本
MAD・AMV,“D??N  D??  D??N”,90,隔壁老冬OldDong,553481,268,677,21441,17861,2210,84116,江苏
影视杂谈,当女性书写女性 【影评人毛尖对谈《好东西》导演邵艺辉】,4225,影评人毛尖,239541,2316,512,6830,6901,3623,14789,上海
娱乐杂谈,拷问麦琳100个问题！我从未见过如此毛骨悚然的发言！《再见爱人》炸裂解说,1619,开心嘴炮,3617347,51337,19999,26268,63429,60843,152865,湖北
音乐现场,【林志炫】11年后再唱没离开过｜官方完整版｜,195,林志炫,469178,590,1639,9662,12266,3548,63660,中国台湾
美食制作,1个视频讲清楚：姜撞奶，双皮奶，冰酥酪,288,雪琦妈妈烘焙,97035,74,157,9013,1582,707,13388,湖南
亲子,我爱吃中国淀粉肠#中国制造 #国货#淀粉肠 #中国美食 #外国人吃中国美食,49,瑞哥英语,224227,126,419,2913,778,1720,27682,重庆
鬼畜剧场,【瘟疫】第一集：生存向cheems末日求生,349,魔法师菠萝,81307,174,176,5580,2154,118,11623,山东
影视杂谈,靠出洋相，就拉拢两大豪门，刘姥姥只是没见识的村妇？揭秘刘姥姥的“社交手腕”,3732,女王泡面,58886,1492,900,1718,3505,235,5074,山东
单机游戏,【潇洒写意，战天斗地！】独属黑神话悟空的中式战斗美学,240,我不是大米饭啊,633814,655,1300,27888,50008,4194,66433,广东
搞笑,《 理 科 重 癫 班 现 状 ！！！》,249,老段生,907056,801,1503,26414,13458,1602,99170,四川
数码,好朋友终于忍不住对我出手了！！！,166,村头卡师傅,203389,850,688,1611,4693,1171,16771,上海
美食制作,25元吃外卖，不如山东炖白菜！,515,这就是刘大鹅,92104,632,353,724,3366,336,7634,北京
美食制作,北京的熏鸡架太便宜啦！3块8毛钱买两个，啃完做鸡架泡饭,298,咸鱼梦想家vlog,142011,733,381,634,629,453,8218,北京
环球,特检：撤回懂王两大起诉 潘邦迪：任何调查懂王的一个跑不掉,710,波士顿圆脸,846391,5401,3317,4607,4327,1348,57184,上海
短片,做什么事业，决定白天开心；选择什么样的伴侣，决定晚上开心,960,北京青年x壹次访谈录,77377,158,180,2495,1398,707,3175,北京
小宠异宠,【九转吞噬蛊】幽魂魔尊吃到无鱼敢露头，甚至选择上吊！老六恐成最大赢家！,485,蔡武年,193056,455,437,2879,3182,208,12194,福建
影视剪辑,【???????? ???? ??????】战争之王,173,SadAndBlue,446751,167,473,22897,4420,874,68753,广西
音乐现场,【4K饭拍】权志龙直拍『HOME SWEET HOME』2024MAMA舞台,213,一罐竹马,284621,597,420,10822,3818,2630,17977,浙江
综合,一口气看完《李贺轩规则怪谈》大电影！,18675,Cheems开心果,257432,1051,210,12449,3591,502,8120,新疆
电子竞技,维克托自我否定半分钟,47,不人气的秋穰子,650240,226,2299,13255,7780,23943,51117,浙江
科学科普,全国医院活地图｜各地生病去哪看？值得收藏！,2240,整形医生肖一丁,423203,2371,1992,61438,32277,6988,34757,河北
翻唱,可惜你不看伍六七，也不懂这首歌。,119,九三的耳朵不是特别好,703555,373,1426,11746,14193,2566,47380,陕西
单机游戏,红警要翻车了根本赢不了的局！捡了个基地还能逆转翻盘吗！,1399,红警HBK08,279388,1999,777,2345,19384,269,35370,江西
出行,亲眼看到朝鲜在偷偷发育！中国大爷说朝鲜人很幸福？,1480,康哟喂,3359319,32109,7289,28473,22929,9168,136627,浙江
美食侦探,探秘国王晚宴！和国王一起吃饭是种什么体验？都吃什么？,360,HOLA小测佬,850900,5222,966,14978,18226,5778,77196,西班牙
人文历史,来看看古人给剑取名，有多绝？,81,十月诗词,384773,559,1036,29711,995,249,34205,湖南
社科・法律・心理,胖东来过于正常反倒是显得格格不入了。,1101,唯一讲述者,712246,6122,7563,9816,31441,2487,62870,福建
原创音乐,Mili - Life We Sow（播种生命）【魔法使的约束】南之国印象曲,210,ProjectMili,71974,186,747,5934,6750,2031,12350,日本
财经商业,猴子出逃？人体实验？揭秘美国生物与病毒实验的黑历史,938,世界见闻录,206900,1416,1100,2965,2687,384,17810,浙江
动物二创,猫 狗 版 水 浒 传 ！,155,喵与茶,224091,199,258,4032,2134,1359,8948,北京
喵星人,《零基础猫头色彩教学》,186,橘域网,159271,591,461,1411,1056,2395,9108,浙江
美食制作,【大学生就业指导】吉野家肥牛饭！我看谁煮温泉蛋还用温度计！！！,171,阿白的金手指厨房,412760,179,519,37701,4176,3637,36397,山东
美食侦探,吃下这份零食，任何人都能解锁超能力！,191,世界美食official,268096,1171,962,1566,2060,1612,33601,福建
音乐现场,【权志龙?BIGBANG合体】MAMA舞台【无题+POWER+HOME SWEET HOME+BANG BANG BANG+FANTASTIC BABY】,1711,存档机器人,800053,6229,1494,19229,7469,14522,28904,广东
影视杂谈,《武林外传》出场超过一集的角色，谁是你的最爱？,2592,tone-stone,39359,1418,419,593,1616,53,2317,陕西
音乐现场,【鹿晗】11.23佛山GAPDAY音乐节鹿晗4K直拍全程,2942,西津冬渡,221536,2528,1144,10502,9927,2214,13403,广东
动物二创,全世界小肥啾站起来！,221,我们都是社畜,287161,309,429,4097,1500,1564,17663,江苏
日常,和真正的俄罗斯人搞露中就会,89,兔宝宝跳扭扭舞,92035,59,187,6049,1269,795,25628,重庆
美食制作,任何人都可以烹饪，即使是一只老鼠！【Nick DiGiovanni】,761,Nick_DiGiovanni,486241,545,531,18809,3779,2034,39289,四川
环球,望海观潮｜无偿捐赠二战相册的美国小伙来中国爬长城、吃火锅 他说南京大屠杀这段历史在学校学过,472,央视网,169281,654,751,1514,1966,219,21927,
出行,165年前中国领土，如今俄罗斯远东最大城市，现在是什么样？我决定坐车去看看,1212,鸭鸭是时候发财了,124353,1107,1117,1730,1782,434,4343,黑龙江
亲子,初听觉得歌土，再听已是山东人！,48,沐沐酱是只猫,250742,42,624,4892,1005,1222,37007,广东
野生技能协会,我花了892天制作《火影忍者》预告片 -?第5部分,624,JalexRosaCh,362843,811,496,7436,7438,718,18067,巴西
翻唱,兄弟们谁懂啊，他唱完这还有谁敢接话筒？ 在KTV唱杰克逊神曲BILLIE JEAN,91,斌斌唱杰克逊,432506,549,663,8079,2578,1214,68209,上海
人文历史,高墙里的奢侈品――美国监狱饮食录,575,食事史馆,1086832,1634,683,10210,3590,583,53866,河北
影视杂谈,建筑工人意外放出医院地下厉鬼，一桩10年前的血案即将浮出水面…… ―― 恐怖韩剧《昏迷》第1集《生日聚会》超详讲解 合集持续更新 真人解说/高能厚码,1323,喊我吃榴莲,39971,297,243,969,1434,65,3105,山东
美食侦探,胖东来这是我去过最好的超市,113,我是一粥,1288284,188,982,18917,756,513,20396,辽宁
电子竞技,游戏圈的下一个爆火玩法会是搜打撤游戏吗？,551,清酒好可怜,398747,437,701,3513,4179,469,21559,浙江
三农,小雪节气还能有如此完美的收获，简称：雪完美！,860,韶关渝哥,119524,1275,533,537,3196,158,12043,广东
搞笑,小 时 候 最 刺 激 的 一 集,134,进击的金厂长,540626,2076,534,15709,13213,261,31521,江苏
同人・手书,哆啦A梦，但不是机器做的,526,准映,681463,2680,1809,15789,46609,11286,85249,广东
预告・资讯,终于来了！Netflix魔幻史诗大剧《百年孤独》正式预告，年度必看！12.11上线,120,乌鸦预告片,710502,689,3468,8270,1427,12390,23356,四川
美食测评,品鉴蚌埠肉联厂红烧扣肉罐头：鉴赏家直呼开到珍惜的工业瑰宝了，直接浇给到土豆盖饭上，吃了个爽,189,罐头鉴赏家,133875,220,984,3538,802,633,5797,四川
综合,玫瑰掉了,38,森岛雾栖finish,1827463,332,1670,31631,1592,4342,165330,福建
美食侦探,广州早茶一人爽吃12道，蛋散芋角初体验，酥到人麻了！,606,小紧张的虫虫,208756,762,282,1269,1276,487,13035,浙江
GMV,恰斯卡很忙,39,屑老板XBOSS,204460,107,470,7520,4420,1730,35733,新疆
日常,记录闺蜜被求婚的日子,824,小海带sS,131665,540,401,1742,5808,1018,16876,北京
单机游戏,“非 自 然 死 亡4”,127,星雨Starrain,3466264,1254,1119,105303,48709,1468,133411,四川
动漫杂谈,那些日漫角色突然说中文的名场面合集！一开口就绷不住了！,508,尕丶天堂,3977928,22760,4432,57421,8571,10355,236148,浙江
热点,新华农兄弟：给竹鼠搭个温暖的家……等等，怎么进锅里了？,382,新华社,513965,3839,1407,2185,8485,1687,42584,
搞笑,我纯多余了,14,周大爷不服老,1252956,180,852,15621,853,1775,204050,辽宁
汪星人,原来小狗的一生都是在等待中度过的…,93,陈秃秃的一家,544506,123,380,5034,690,1449,61429,云南
电子竞技,【高能瞬间】2024上海Major欧洲赛区A组RMR精彩集锦,497,CSGO国服,163627,326,363,2156,3229,1007,13385,上海
影视杂谈,苦等七年的刑侦局天花板，白夜终于破晓！《白夜破晓》解说第一期,3886,东倾电影,302320,1315,427,4331,3753,444,9611,山西
MV,【中字】29 Verse -One Mic One Spit One Kill-【全员曲】,694,ParadoxLive官方频道,43966,981,978,3561,4464,3008,6036,日本
音乐综合,Cry For Me（faet.Ami）,268,GkTz1,268171,180,486,36442,3209,498,37503,湖南
数码,【短的发布会】看完发布会，库克连夜进货OPPO Reno13,275,短的发布会,323820,858,1017,1078,848,660,16199,广东
科学科普,长期遭受语言暴力的人， 身体会有哪些信号？,303,李白尼的猜想,556009,1296,2916,22260,8887,4316,38288,江苏
人文历史,治理黄河后 共产党学会了解放全国的秘诀！【思维实验室】,2586,思维实验室,168424,444,232,3288,2562,381,6923,陕西
搞笑,马家屯（大结局）,2463,小潮院长,2569800,34681,6948,86310,177129,3145,210923,上海
搞笑,文科生 vs 理科生,81,猫meme也是00后,105851,106,82,2978,2134,56,11564,陕西
综合,史上最恐怖的成人动画！全球64亿人类被当成宠物豢养，任人宰割，看完整个人都不好了……《原始星球》,872,宇哥侃故事,629781,920,1041,9567,1200,742,15453,北京
美食制作,不是一米糖葫芦吃不起，而是一米淀粉肠更有性价比！,51,夏叔厨房,858079,44,276,8821,650,718,25065,北京
美食记录,澳门三天两夜，一个胃根本不够用！,625,神奇海挪,1826549,571,765,27950,3677,615,15435,浙江
美食侦探,特厨探店 |又网红又好吃，还有这种事？―北京山居满陇,189,特厨隋卞,276505,329,387,1101,548,195,21638,北京
单机游戏,【钢铁雄心4】新DLC德国特色红线,955,润州镜,89469,711,291,1360,14526,159,11623,江苏
人文历史,俄国人如何在西欧当国王？【硬核狠人74】,2166,小约翰可汗,2271545,19008,6735,36349,99208,5600,184580,江苏
汽车知识科普,震惊，江淮市值破1000亿？,379,保镖的车库,684792,1566,1864,4531,8117,744,24954,浙江
出行,临走时哈萨克大叔送了我一只小狗陪我保护我-北疆骑行一下子不孤单了,303,穿拖鞋的雄猫,171184,448,684,1954,1670,336,10441,新疆
MV,《Ma Meilleure Ennemie》| 《英雄联盟：双城之战》动画第二季原声歌曲 | 拳头游戏音乐,149,拳头游戏音乐,820382,393,7395,20266,21289,6587,30655,北京
社科・法律・心理,美国真是牛逼，监狱里都有性生活，为什么监狱生意这么火爆？,605,戏京同志,207618,489,323,1662,583,201,11835,湖北
综合,【邦邦的日常】邦邦的奶奶车,210,邦邦的日常_official,157563,355,316,1575,1538,1123,18067,广东
鬼畜调教,带你们速通中国近代史!（一）,98,MC土豆子iv,123702,97,117,7949,643,632,15974,福建
同人・手书,你要去哪儿？[鸣潮],61,SechiAnimation,149774,77,327,2990,2913,631,24732,韩国
仿妆cos,这就是在日本cos五条悟的下场,103,好像是粗粗,360293,101,417,3955,659,424,31967,北京
舞蹈综合,人文科技学院#大学生#校园#社交牛逼症,155,肖青天,743634,700,1499,10964,3706,1420,120511,重庆
电子竞技,《峡谷狼人杀》,452,阳光男孩小丑熊,388288,523,1555,1275,1498,354,34832,吉林
绘画,简简单单画个玻璃柿子,170,黄正极,430103,332,518,6402,738,984,16459,广东
财经商业,某东方大国发行美元债券――庄家轮流做，今年到我家！,864,解密狗,158277,599,760,1336,1759,159,10256,中国香港
小剧场,当正常人进入谍战剧,88,侯绿萝,604863,205,376,5411,1048,618,79702,上海
动漫杂谈,不要慌是技术性调整！2025年1月新番导视！【泛式】,909,泛式,1528603,21516,5968,28325,53781,7952,140443,上海
搞笑,第一次看甄执（10）,50,自闭老吴,2307271,1139,4379,63232,39577,103846,320124,北京
综合,《跟随金钱的脚步吧》,1252,龙三条,531884,1629,788,3901,2954,470,22872,河南
搞笑,笑不活了家人们 哈哈哈,320,悦悦大叔i,844329,2705,2844,7684,9644,7518,69510,山东
日常,18分钟吐槽第六期让我不适的45个点！,1085,夕崽,838428,4249,5679,15360,38386,17972,72760,浙江
健身,10min改善坐姿完美形体，新肩颈自救 办公室久坐低头族必备！（全程坐姿超实用）,735,范李猿,73656,123,128,9700,2500,679,5492,四川
演奏,什么？还能用“库乐队”弹琵琶？,149,混世小小魔王_,677364,369,320,30045,6908,1281,28906,山东
影视杂谈,一个阳谋，却耍了两大巨头！老拜登的顶级阳谋，有多牛？【米国演义2】,1066,嗑书的阿冉叔,413830,812,690,6856,4910,1568,20321,北京
影视杂谈,贡献国产电影最惊悚笑容，爆笑喜剧与烧脑悬疑绝妙融合――唐人街探案终极谜题与深度解析,3571,灯影刘肉丝,236045,1197,214,2513,1825,207,7345,河北
运动综合,科技修仙！我用航天技术实现了真正的御剑术！武侠梦，就此起飞！,225,剑客范十三,1622315,2345,6719,20195,45887,7871,128838,四川
综合,纯路人 根据一张动漫图猜谁还活着 我觉得是有史以来最难的一张图,430,隔路脑,1247430,1730,2862,22783,2505,1637,21801,黑龙江
喵星人,好冷呀，想睡人类身上,36,吟游诗人咣当,134701,198,337,1139,934,858,20212,江苏
同人・手书,耗时2160小时 刘远后传（ 僵尸尊者系列）一口气看不完,25699,沙雕小道士,90586,927,271,5138,2469,168,4149,安徽
小剧场,当我想跟拍网红热门视频时，为什么跟想象中不一样？,141,李如儒也是李蠕蠕,366776,159,280,816,836,224,37909,广东
科学科普,媒体疯狂炒作的“珍稀昆虫”，抓一只直接坐牢，事实上却……？| 海南雨林探险！,712,斯洛的积分昆虫学,545148,3143,519,19837,8633,646,31576,美国
鬼畜剧场,“双城之战2大结局删减画面泄露”,209,右撇子猛孩,524113,760,1204,10426,12274,16869,36719,江西
手机游戏,《崩坏：星穹铁道》年度宣传视频-「来自群星的启程」愿旅途永不停息！,270,楸凤,456090,1724,599,13038,18675,707,46203,山东
数码,千万“别救”？遇见这种情况，千万别冲动...,350,大宽大宽,78529,267,131,2206,2030,1075,3798,北京
网络游戏,还有谁想玩 三角洲？,33,78森鸽,232997,124,688,6761,1005,2637,19566,河南
搞笑,一“拨”三折,145,榴莲阿呀,141893,126,170,2556,700,808,24880,浙江
手机游戏,《三傻大闹折纸大学！》,273,加班鱼,803740,5811,1167,46588,19919,1963,97452,贵州
美食侦探,山东霸总向您发起了梅菜肘子盖饭共享邀请,404,一只广宇,172053,634,485,1081,3753,265,14007,四川
搞笑,来看看电棍在电竞圈属于什么健身水平！,190,死亡宣告_vasilii,748885,2057,5468,10632,3213,30498,49574,浙江
动漫杂谈,电锯人第二季88.黑锯复活！电次生吃大肠刺身，永动机重现江湖！,260,光影笔墨,78051,194,362,653,1291,268,6508,江苏
电子竞技,AG和狼队大战的结局，其实决赛的第一把就已经给出了答案。,763,燕十叁的全英雄攻略,229247,311,574,3591,5314,531,10257,安徽
电子竞技,“我找到了完美的时间线 可是原来的世界需要我。”,84,白茶-峡谷摄影师,161767,82,385,830,581,263,13977,陕西
美食侦探,颤抖吧老板！请选择接吻or破产，携友蹭饭，三人行，必有我吃也【睿哥一顿(下)】,1323,睿哥有点小食力,173576,1525,993,1891,8380,322,14434,北京
美食记录,万众期待挑战米饭仙人！全程记录超长放送,1971,干饭三健客,1821409,7157,4009,7556,39297,5507,81759,重庆
动漫杂谈,未播先逆天？动画史上首次破戒？1月新番到底有多疯？！【2025年1月 新番导视】,661,玩偶菌,1061469,3872,1215,15943,2473,1172,32664,广西
网络游戏,【三角洲行动】真不是剧本，30分钟的铺垫最后一秒升华,1938,老飞宇66,199313,1675,1025,2869,4069,2654,11837,北京
手工,【自研】人造肌肉 & 金属翅膀,411,海伦娜儿,312895,453,650,4335,6497,524,21832,福建
影视杂谈,极致的变态！由园子温执导《在无爱之森呐喊》：我才是那个最邪恶的....,3255,-7ero-,70018,1477,753,1409,1967,190,4148,上海
科工机械,大疆T100农业无人机正式发布,259,DJI大疆农业,216551,1407,1890,2146,1405,3820,11460,广东
同人・手书,【大鸣王潮1566】要留到什么时候呢,153,寞桀才,271502,757,1870,3329,10691,1013,36034,河北
同人・手书,牛郎织女恐怖故事，来自织女的复仇,1022,叶雪颜悬疑,526052,1702,2025,9728,5341,3157,44443,湖南
环球,被扣押加沙中国人？根本不存在！,94,徐德智在联合国,86299,236,1789,767,1115,257,7916,美国
美食制作,谁在军事化管理你就给他看这个！,83,阿nic的每一餐,821831,200,828,52058,2224,6224,73587,安徽
影视杂谈,让男人看出姨妈笑的动画！完全就是生活必需品！无论多烦心，看看这个就能好！,617,长片短解,678701,269,352,10779,2069,1153,21198,河南
数码,转码，万兆，8盘全部满足！不到千元装台全新机箱的“高性能”NAS,821,司波图,47123,164,391,1519,730,249,5690,广东
搞笑,马家屯（大结局）,2463,小潮院长,2569800,34681,6948,86310,177129,3145,210923,上海
搞笑,文科生 vs 理科生,81,猫meme也是00后,105851,106,82,2978,2134,56,11564,陕西
综合,史上最恐怖的成人动画！全球64亿人类被当成宠物豢养，任人宰割，看完整个人都不好了……《原始星球》,872,宇哥侃故事,629781,920,1041,9567,1200,742,15453,北京
美食制作,不是一米糖葫芦吃不起，而是一米淀粉肠更有性价比！,51,夏叔厨房,858079,44,276,8821,650,718,25065,北京
美食记录,澳门三天两夜，一个胃根本不够用！,625,神奇海挪,1826549,571,765,27950,3677,615,15435,浙江
美食侦探,特厨探店 |又网红又好吃，还有这种事？―北京山居满陇,189,特厨隋卞,276505,329,387,1101,548,195,21640,北京
单机游戏,【钢铁雄心4】新DLC德国特色红线,955,润州镜,89469,711,291,1360,14526,159,11623,江苏
人文历史,俄国人如何在西欧当国王？【硬核狠人74】,2166,小约翰可汗,2271545,19008,6735,36349,99208,5600,184580,江苏
汽车知识科普,震惊，江淮市值破1000亿？,379,保镖的车库,684792,1566,1864,4531,8117,744,24954,浙江
出行,临走时哈萨克大叔送了我一只小狗陪我保护我-北疆骑行一下子不孤单了,303,穿拖鞋的雄猫,171184,448,684,1954,1670,336,10441,新疆
MV,《Ma Meilleure Ennemie》| 《英雄联盟：双城之战》动画第二季原声歌曲 | 拳头游戏音乐,149,拳头游戏音乐,820382,393,7395,20266,21289,6587,30655,北京
社科・法律・心理,美国真是牛逼，监狱里都有性生活，为什么监狱生意这么火爆？,605,戏京同志,207618,489,323,1662,583,201,11835,湖北
综合,【邦邦的日常】邦邦的奶奶车,210,邦邦的日常_official,157563,355,316,1575,1538,1123,18067,广东
鬼畜调教,带你们速通中国近代史!（一）,98,MC土豆子iv,123702,97,117,7949,643,632,15974,福建
同人・手书,你要去哪儿？[鸣潮],61,SechiAnimation,149774,77,327,2990,2913,631,24732,韩国
仿妆cos,这就是在日本cos五条悟的下场,103,好像是粗粗,360293,101,417,3955,659,424,31967,北京
舞蹈综合,人文科技学院#大学生#校园#社交牛逼症,155,肖青天,743634,700,1499,10964,3706,1420,120511,重庆
电子竞技,《峡谷狼人杀》,452,阳光男孩小丑熊,388288,523,1555,1275,1498,354,34832,吉林
绘画,简简单单画个玻璃柿子,170,黄正极,430103,332,518,6402,738,984,16459,广东
财经商业,某东方大国发行美元债券――庄家轮流做，今年到我家！,864,解密狗,158277,599,760,1336,1759,159,10256,中国香港
小剧场,当正常人进入谍战剧,88,侯绿萝,604863,205,376,5411,1048,618,79702,上海
动漫杂谈,不要慌是技术性调整！2025年1月新番导视！【泛式】,909,泛式,1528603,21516,5968,28325,53781,7952,140443,上海
搞笑,第一次看甄执（10）,50,自闭老吴,2307271,1139,4379,63232,39577,103846,320125,北京
综合,《跟随金钱的脚步吧》,1252,龙三条,531884,1629,788,3901,2954,470,22872,河南
搞笑,笑不活了家人们 哈哈哈,320,悦悦大叔i,844329,2705,2844,7684,9644,7518,69510,山东
日常,18分钟吐槽第六期让我不适的45个点！,1085,夕崽,838428,4249,5679,15360,38386,17972,72761,浙江
健身,10min改善坐姿完美形体，新肩颈自救 办公室久坐低头族必备！（全程坐姿超实用）,735,范李猿,73656,123,128,9700,2500,679,5492,四川
演奏,什么？还能用“库乐队”弹琵琶？,149,混世小小魔王_,677364,369,320,30045,6908,1281,28906,山东
影视杂谈,一个阳谋，却耍了两大巨头！老拜登的顶级阳谋，有多牛？【米国演义2】,1066,嗑书的阿冉叔,413830,812,690,6856,4910,1568,20321,北京
影视杂谈,贡献国产电影最惊悚笑容，爆笑喜剧与烧脑悬疑绝妙融合――唐人街探案终极谜题与深度解析,3571,灯影刘肉丝,236045,1197,214,2513,1825,207,7345,河北
运动综合,科技修仙！我用航天技术实现了真正的御剑术！武侠梦，就此起飞！,225,剑客范十三,1622315,2345,6719,20195,45887,7871,128838,四川
综合,纯路人 根据一张动漫图猜谁还活着 我觉得是有史以来最难的一张图,430,隔路脑,1247430,1730,2862,22783,2505,1637,21801,黑龙江
喵星人,好冷呀，想睡人类身上,36,吟游诗人咣当,134701,198,337,1139,934,858,20212,江苏
同人・手书,耗时2160小时 刘远后传（ 僵尸尊者系列）一口气看不完,25699,沙雕小道士,90586,927,271,5138,2469,168,4149,安徽
小剧场,当我想跟拍网红热门视频时，为什么跟想象中不一样？,141,李如儒也是李蠕蠕,366776,159,280,816,836,224,37909,广东
科学科普,媒体疯狂炒作的“珍稀昆虫”，抓一只直接坐牢，事实上却……？| 海南雨林探险！,712,斯洛的积分昆虫学,545148,3143,519,19837,8633,646,31576,美国
鬼畜剧场,“双城之战2大结局删减画面泄露”,209,右撇子猛孩,524113,760,1204,10426,12274,16869,36719,江西
手机游戏,《崩坏：星穹铁道》年度宣传视频-「来自群星的启程」愿旅途永不停息！,270,楸凤,456090,1724,599,13038,18675,707,46203,山东
数码,千万“别救”？遇见这种情况，千万别冲动...,350,大宽大宽,78529,267,131,2206,2030,1075,3798,北京
网络游戏,还有谁想玩 三角洲？,33,78森鸽,232997,124,688,6761,1005,2637,19566,河南
搞笑,一“拨”三折,145,榴莲阿呀,141893,126,170,2557,700,808,24880,浙江
手机游戏,《三傻大闹折纸大学！》,273,加班鱼,803740,5811,1167,46588,19919,1963,97452,贵州
美食侦探,山东霸总向您发起了梅菜肘子盖饭共享邀请,404,一只广宇,172053,634,485,1081,3753,265,14008,四川
搞笑,来看看电棍在电竞圈属于什么健身水平！,190,死亡宣告_vasilii,748885,2057,5468,10632,3213,30498,49575,浙江
动漫杂谈,电锯人第二季88.黑锯复活！电次生吃大肠刺身，永动机重现江湖！,260,光影笔墨,78051,194,362,653,1291,268,6508,江苏
电子竞技,AG和狼队大战的结局，其实决赛的第一把就已经给出了答案。,763,燕十叁的全英雄攻略,229329,311,574,3591,5314,531,10257,安徽
电子竞技,“我找到了完美的时间线 可是原来的世界需要我。”,84,白茶-峡谷摄影师,161767,82,385,830,581,263,13977,陕西
美食侦探,颤抖吧老板！请选择接吻or破产，携友蹭饭，三人行，必有我吃也【睿哥一顿(下)】,1323,睿哥有点小食力,173576,1525,993,1891,8380,322,14434,北京
美食记录,万众期待挑战米饭仙人！全程记录超长放送,1971,干饭三健客,1821409,7157,4009,7556,39297,5507,81759,重庆
动漫杂谈,未播先逆天？动画史上首次破戒？1月新番到底有多疯？！【2025年1月 新番导视】,661,玩偶菌,1061469,3872,1215,15943,2473,1172,32664,广西
网络游戏,【三角洲行动】真不是剧本，30分钟的铺垫最后一秒升华,1938,老飞宇66,199313,1675,1025,2870,4069,2654,11837,北京
手工,【自研】人造肌肉 & 金属翅膀,411,海伦娜儿,312895,453,650,4335,6497,524,21832,福建
影视杂谈,极致的变态！由园子温执导《在无爱之森呐喊》：我才是那个最邪恶的....,3255,-7ero-,70018,1477,753,1409,1967,190,4148,上海
科工机械,大疆T100农业无人机正式发布,259,DJI大疆农业,216551,1407,1890,2146,1405,3820,11460,广东
同人・手书,【大鸣王潮1566】要留到什么时候呢,153,寞桀才,271502,757,1870,3329,10691,1013,36034,河北
同人・手书,牛郎织女恐怖故事，来自织女的复仇,1022,叶雪颜悬疑,526052,1702,2025,9728,5341,3157,44444,湖南
环球,被扣押加沙中国人？根本不存在！,94,徐德智在联合国,86299,236,1789,767,1115,257,7916,美国
美食制作,谁在军事化管理你就给他看这个！,83,阿nic的每一餐,821831,200,828,52058,2224,6224,73587,安徽
影视杂谈,让男人看出姨妈笑的动画！完全就是生活必需品！无论多烦心，看看这个就能好！,617,长片短解,678701,269,352,10779,2069,1153,21198,河南
数码,转码，万兆，8盘全部满足！不到千元装台全新机箱的“高性能”NAS,821,司波图,47123,164,391,1519,730,249,5690,广东
同人・手书,【手书】神人传第二章 无影灯下,438,胡作非V,51546,128,862,3573,6377,1481,6727,山西
日常,我偷偷剪了这些删掉的素材！！！《青春旅行团》花絮,456,大聪明小番茄,741080,11316,800,12947,23159,1982,76204,上海
搞笑,赛里木湖你都没去过？,179,旺仔有内涵,1114276,1417,2886,17732,4515,7520,231052,哈萨克斯坦
单机游戏,这款如此可爱的游戏，却发售就登榜热门第一！,168,阿银紫,144874,204,119,1699,1097,1050,9541,上海
搞笑,我眼中的自己vs老师眼中的我,45,西维西师傅,491669,156,502,3858,2122,1336,86759,广东
电子竞技,11年前，当Ryu和coco虐泉后，接下来的Faker有多恐怖？一个杀到投降一个杀到超鬼,722,呆梦demo,109328,780,618,1041,2801,311,5384,江苏
田园美食,大庆赶海，随着潮水遇见一群小河豚搁浅沙滩上，生气像一个球,383,大庆赶海,1658165,1397,303,3963,2792,355,42440,江苏
小剧场,再探,152,脱缰凯Kk,1037103,919,1944,8196,3715,598,101673,辽宁
美食记录,干饭的快乐有多爽，在上海出租屋41块大口吃肉大口干饭无敌了,503,小岳来了24,197469,416,251,828,1604,225,7115,上海
影视杂谈,然而，你本来就很美！――万字拉片式拆解《某种物质》P2,3613,小鱼陪拉片,111859,1732,696,1780,4354,232,7136,广东
同人・手书,诡舍（黑衣夫人）第二十九集 雨过天晴 动画 悬疑 微恐怖,252,萧一白呀,153651,482,683,1944,2793,113,11011,重庆
综合,日本动画片引进编年史(1980年-1999年),1428,人在长安,137595,5645,1437,5598,1834,762,4268,陕西
汽车生活,在墨西哥，怎么玩越野？,756,极速拍档,188669,1179,478,2102,5793,485,17437,广东
手机游戏,《阴阳师》神酿星熊童子CG丨神醉绮宴（CV：|裕贵）,80,网易阴阳师手游,431124,265,1711,4254,7179,1357,10391,浙江
数码,标准版旗舰大乱斗！谁的性能释放最强劲？,397,超离谱科技,59941,15,101,1171,1529,316,3078,浙江
出行,在非洲最神秘的国家蹭饭吃，意外发现全是美女，非洲人吃席都吃什么？,705,小钟Johnny,403205,2904,867,1723,6060,337,22919,多哥
美食记录,胖小伙今天演总经理，秘书很漂亮，盒饭也很美味,1320,张二要自律,375876,3708,1277,1511,1227,223,11013,浙江
动漫杂谈,（overlord第37期）日蚀・死终，究竟是一个怎样的技能？,874,废话多的飞鱼丸,138753,541,610,1085,4126,62,7988,浙江
财经商业,相同的老龄化危机，回顾日本90年代医疗崩溃史。对比日本，我们将会怎么样？,997,分析师Boden,267416,778,1882,5894,5203,4212,10332,广东
电子竞技,单先锋为什么不能选择盖克,370,秒族训练营,133324,228,634,3632,995,11376,13716,北京
搞笑,剪辑老师：工伤能报销吗??,209,唐马鹿,164776,408,493,840,1669,1414,22855,浙江
同人・手书,杰瑞律师：法庭上禁止召唤替身！就算是汤姆检察官也不行！,378,芦苇十三少,634453,371,171,10564,2080,192,23315,福建
日常,高中生妹妹感冒没胃口，送排骨和牛肉给她吃，妹妹在学校吃得很开心！,165,fan人张,153164,201,377,1448,18249,121,26522,湖北
出行,“我会找到逆转时间的公式”,188,去看星星__,222883,95,379,8020,1290,531,16115,安徽
搞笑,“错把暧昧当深情”,408,周三拾,601662,2438,3734,11417,7536,11559,57347,四川
数码,矿场5年，RX580治好了我的精神内耗,502,野生的装机宅,168168,523,1214,3307,4875,1617,9941,广西
MAD・AMV,「 祖安爱情故事 」,78,金tt,432422,573,1737,9997,9223,2804,23139,辽宁
短片,我的朋友，没有把我当残疾人，也没把我当人…,298,杨雅文Yeah,1135906,1157,1577,10888,25733,1497,72185,福建
单机游戏,坏了！黑神话成袈裟了！【绅批】,510,老绅video,137005,1395,1164,1025,2567,358,9732,吉林
计算机技术,不写一行代码，开发一款属于自己的游戏,616,英雄哪里出来,544995,6516,851,23368,15575,1812,43799,浙江
社科・法律・心理,只诛心不杀人，利用美元来瓦解美元霸权体系，中国是怎么做到的？,1710,孤烟暮蝉,116549,1241,1026,1164,1715,356,10448,海南
美食制作,【牛肉汤饭全套保姆级教程】,197,村驴,438903,238,693,20069,2750,3165,32053,吉林
人文历史,河流水下源头蕴藏神秘洞穴，内部是怎样的世界？探索菲律宾魔法河水下洞穴 | X调查,1217,X调查,152956,1067,318,2413,1974,137,9671,上海
美食侦探,500元一斤的带鱼这您受得了吗？米其林一星竟然还排大队？！不愧是魔都！,715,大祥哥来了,278217,1330,714,1914,7210,324,21328,北京
影视杂谈,【以片概全】提前一年预言川普成功！深度分析美版《让子弹飞》，如何利用舆论操纵大众？哈里斯的失败为啥是商业上的成功！,2749,集语云,222963,1837,724,5383,7033,693,10229,山东
汽车生活,意难平限时返场！地狱猫再次挑战！,638,争取最后的自由,216179,1036,654,1805,1788,780,14086,湖北
美食侦探,封面真实！东北3元超级大串！咬一口肉汁满满炸开！两串吃饱！贼过瘾！东北烧烤解决烦恼 ！,313,花二Strange,68138,306,502,813,1607,773,5927,辽宁
科学科普,宝宝喝奶粉如同成人吃泡面？,393,中国食品报融媒体,321862,888,2438,2217,1477,477,18776,北京
喵星人,有人把母彩狸养成了发腮金渐层！,142,小曹狸花,106340,163,273,620,545,226,15213,山东
手机游戏,故意不救椿会发生什么？鸣潮梦核活动的细节彩蛋全盘点！,443,不乐得,151983,467,413,1683,1590,308,13225,广东
美食制作,一口一个，好吃暖和,76,Tiger西西,3686801,3789,2416,27504,12633,6316,343952,陕西
动漫杂谈,黄毛表白成功后，被肉食系女孩吃干抹净！,233,律子桑,490270,317,772,20430,1216,708,22728,湖北
美食侦探,十分钟内吃完两斤肉饼，免单再另送两斤肉饼，能吃饱吗？,536,橙飞一下,504436,3549,2406,1415,2987,2009,27684,天津
日常,龙兽医首度落泪：养牛户实在太难了,1283,凉子访谈录,156731,809,526,1337,2770,245,12551,北京
搞笑,阿真不拍真子日记始末,255,真子日记,2012549,2085,7451,6346,11836,2299,171179,广东
搞笑,我想看这样的春晚,122,七颗猩猩QKXX,767244,2195,2640,7195,8911,4905,131381,湖北
同人・手书,两分钟看完火影忍者,121,动画成君,110244,140,214,1451,1122,609,7158,广东
数码,NVIDIA：世界最快印钞机,210,蒸莼鸺,257656,512,1796,1314,4114,1551,16133,日本
运动综合,狗哥KALI 教程，教你用数字 1、2、3 和三角形，遵循线路进行编号打击。,81,王武真,327147,187,552,26408,770,735,45478,加拿大
社科・法律・心理,潜艇撞渔船？印度的科学先不进,916,麻薯波比呀,666688,2581,1119,4328,5462,463,52898,江苏
影视杂谈,年度最佳《好东西》，就这个女性视角，爽！,484,铁铁铁柱_,389676,693,997,3495,9373,1514,23542,广东
网络游戏,一个配件逆天改命！曾经查无此枪的SR-3M变成了医疗兵新轮椅？,578,LF叶绿,230310,277,894,6521,1524,743,10517,澳大利亚
影视杂谈,【大鹏】每个州的乡村恐怖传说，美国恐怖短剧《惊悚50州》第二季,1659,花心阿鹏,57796,524,203,849,710,42,2326,北京
校园学习,3小时榨干颉斌斌25新版阅读理论课！,11021,颉斌斌老师,75571,300,271,9918,2375,660,3897,甘肃
日常,老北京美食组合，下次还想吃！,130,EvanKail埃文凯尔,127978,852,1280,611,2858,220,15812,北京
社科・法律・心理,外刊精读134 / 泰晤士报 / Trump’s Triumph (难度高）,1991,妈妈不用担心我的英语,141683,110,241,10452,1813,482,8673,北京
喵星人,新来的小花被群殴的心惊胆战 我感觉猫群一定是有猫王的,207,五月妈院儿里的小流浪,139032,243,388,844,9360,118,23395,北京
校园学习,全网独家，必看母题！一个考点绝杀30％国考逻辑填空，国考最新言语命题趋势，看到就能拉开差距，福不唐捐，决胜25国考逻辑填空！,1458,大宝小宝为民为公,130071,1530,385,14766,7160,2770,9912,重庆
电子竞技,【游戏杂谈】为什么我认为MOBA游戏已成死局？,1039,兔爷twoyeah,219189,1179,2948,2043,1996,517,5414,瑞典
小剧场,陈翔六点半：实话实说，骗子也懵了,414,陈翔六点半,249801,479,454,849,2157,322,16887,云南
搞笑,巅峰对决！100人公司捉迷藏，胜者瓜分9万元！影视飓风破产团建8.0,903,飓多多StormCrew,1399237,4557,2478,9992,10715,2051,109601,浙江
娱乐杂谈,乱拳打死老师傅！掺点剧本吧，旁观视角纯折磨【再见爱人4黄执中视角】黄执中。橙执中。红执中。,806,大喜唠嗑家,1733196,5779,6046,8462,10950,9091,69247,上海
搞笑,【梗百科】还有谁要XXX是啥梗？这些脸都出自哪？,186,梗百科,405948,469,1933,5031,1134,1854,25989,上海
人文历史,邪恶的“死侍杀手”，因长相一炮而红，女粉们疯狂寄信示爱为其求情,1350,奇闻观察室,238166,2195,720,2379,1327,229,10680,安徽
影视杂谈,不用废话，这就是年度最佳呀！,628,毒舌电影,275014,540,1022,3677,5348,2548,16867,广东
科学科普,路口烧纸为啥出现火龙卷？探秘诡异现象打造奇葩风力发电机,368,萌萌战队,614855,553,746,6798,863,478,29410,陕西
科学科普,【食录】为什么韩国人如此热衷于喝冰美式？,784,赛博食录,2312071,11088,10184,17713,16042,6202,82640,江苏
影视杂谈,比肩“千面影帝”梁家辉，“千面如来”刘洵，这些配音员，真是千变金嗓！,2068,楼下粉猪君,53974,926,148,585,1082,59,3734,山东
同人・手书,火柴人短片汇编 - 第二季（官方）,844,火柴人AlanBecker,1019616,2335,1002,36241,5317,726,127568,北京
电子竞技,专为Major准备的战术有多劲？【战术解构】,343,小天FreeZing,234123,314,662,4872,1771,3680,22307,江苏
电子竞技,这个游戏原来是这样子玩的吗？,262,笨蛋小绝,97991,349,1485,1537,748,4051,11088,四川
MMD・3D,太好了，是初音未来！我们有救了！,70,特效小哥studio,610041,185,749,21255,6220,1843,102801,浙江
美食记录,胖龙买一只跑山鸡，在家做“火锅鸡”，又辣又热真过瘾,373,胖龙的小生活,369593,906,573,851,1889,193,15574,河南
出行,这是失明以后去医院最担心的事情，但是我遇到了一个很好的保安大哥...,372,诺子喵呜,4410496,3705,6665,16246,22843,975,226743,广东
手机游戏,《老张拉面》,344,鬼叔黍,153827,191,806,3518,4638,2632,11201,广东
人文历史,小约翰的音乐审美居然这么高级？品析可汗视频里的经典BGM【细品可汗5】,1125,惊鸿一瞥的鸿一,374501,1967,1103,10306,5459,742,19405,浙江
美食记录,韩国小伙时隔十年回韩国，物价让他吓到了...一个西瓜？,576,韩国大猪哥,339291,2492,1466,1512,2840,395,15122,韩国
桌游棋牌,三国杀up锐评新三国19：这野史是真史啊！！！,843,吃蛋挞的折棒,190661,3538,1504,1048,4081,197,10227,内蒙古
数码,华为Mate 70 Pro+：来看看现在谁还说我偏色？,119,ZEALER官方频道,168945,563,1930,715,538,1850,6041,广东
新能源车,混动省钱有多离谱，日行千里才花25？,557,沙奔的汽车笔录,147619,208,192,1086,1907,160,13930,北京
搞笑,地球OL攻略！简单好抄,738,一只大哈鱼,1000526,2065,1170,32461,13612,3587,60251,上海
单机游戏,Sprunki 节奏盒子,875,鲤鱼Ace,779301,30232,4665,20511,14218,1223,47364,吉林
电子竞技,【上海Major特辑】我们都在等NiKo的完美结局，m0NESY，我相信你也是！,173,话龙电竞,173169,269,1017,2091,2851,949,12488,重庆
野生技能协会,加拿大版李子柒，Riza拉片，全球超电影感博主Life Of Riza，深度拉片拆解，15条实用创作技巧,349,张硕PRO,234202,125,264,16709,2842,722,13786,四川
美食记录,给爱心食堂老人们做了顿黄酒炖猪蹄，香味都飘到村里去了,198,俞涛不光会做九转大肠,541232,348,490,1006,1996,168,58773,浙江
电子竞技,《双城之战2》第七集 剧情与彩蛋解析,527,靠脸吃饭的徐大王,172117,949,1211,966,2710,260,12625,江苏
穿搭,内搭恶心关我外套什么事？？不用搭配 就硬美的外套合集,1210,鹦鹉梨,207898,359,297,1733,610,162,5349,广东
搞笑,【小鸟伏特加】可能是唯一一个把吃播做出打击感的英雄，五年了还是忘不掉他~,374,-超级小能猫-,571222,458,461,6302,1623,2136,41292,海南
美食侦探,宁波人为了让你一顿只吃一小碗饭有多拼,191,在日本摸鱼的小超人,285734,408,607,1307,641,567,30918,浙江
手机游戏,《物华弥新》1.6（下）版本PV丨昔时今游,188,物华弥新,86702,647,2159,961,2435,1684,8724,四川
人文历史,混知漫画｜假如寺庙是个佛学班，佛、菩萨、罗汉、天王都是什么关系？,251,混知,54469,209,252,922,575,102,4351,上海
日常,网吧大神一个月没洗衣服，有点包浆了，开了个能玩电脑的豪华青旅,738,小A在上网,399349,2259,949,1341,4013,521,18077,云南
日常,雌雄大盗卖键盘骗了上百人，连冠军都中招了！,548,川烈,521019,800,1477,4394,9066,552,56944,浙江
美食测评,世界上最大最贵的石斑鱼，巨型龙趸石斑。古有武松打虎今有琼斯屠龙，做个肥肠鱼尝尝味道如何？#海鲜#美食#测评,251,琼斯爱生活,167647,319,311,955,3626,289,21797,上海
影视杂谈,超上头悬疑剧！老板骂我→干掉老板→成为老板，打工人必胜！网飞爆款收视冠军《正念谋杀》,2197,竖了个三,171278,777,311,2670,4259,292,7688,安徽
鬼畜调教,只能阴间再见了,74,你眼中的骷髅,113352,105,246,1963,947,418,17612,广东
野生技能协会,《精致男孩去旅馆要带什么枪？》,297,北美燕双鹰,551817,2287,1947,2671,2149,2285,40914,美国
人文历史,名著逃生指南，遇到这几本就快跑,445,小钻风吱吱吱,211766,1242,4097,4816,1144,287,7296,江苏
美食侦探,到兴平吃早餐一顿包子三顿夹馍，4元的热蒸馍夹卤蛋肉臊子，5元的蛋肠花干全套菜夹馍，配个豆腐脑胡辣汤吃挺好,608,君在西安,194006,551,604,748,523,677,11035,陕西
数码,「科技美学现场」8499元起售 华为 Mate70 Pro+开箱 | 对比华为 Mate70 Pro、华为 Pura 70 Ultra,260,科技美学,415720,2123,3775,848,859,957,10396,黑龙江
电子竞技,猴哥海外求学记,134,蛀牙君君君,126591,241,250,2009,554,3207,17537,福建
娱乐杂谈,集麦学大成之作，极致双标，全员亮化！,1690,刘哔电影,1751386,28269,11707,10818,31607,24416,74664,浙江
电子竞技,如果世界上真的有赛博朋克…,36,一半CSGO,249030,37,352,1323,1210,445,37172,陕西
网络游戏,【全网首发】三角洲极限难度衔尾蛇三人G17手枪无战备,1310,三千宫魔王Miya,111024,325,464,1346,578,1710,6674,山东
三农,80岁老人坚守太行山深处的供销社64年，用一生践行为人民服务,113,我是九日儿,1027218,2768,1725,23323,31529,1930,214702,山东
电台,3秒后你会开始"落泪"?华语前奏排行榜（二）丨HOPICO,1100,HOPICO,896838,3831,2371,14555,25357,4553,44604,北京
人文历史,法国核电生命线，如何成为中法美俄争夺之地？【西非03丨尼日尔】,1223,小王Albert,1138105,5406,1658,10590,23295,967,73625,上海
美食记录,蟹黄西红柿鸡蛋豆角子酸菜炖牛肉柠檬慕斯,283,巨爱吃的周黑鸭,781139,769,844,5305,1628,1785,84182,北京
搞笑,《关于老板变老公这件事》,99,李什么闯啊,1153515,326,759,14579,4715,12502,86845,山东
日常,妈见打！和男友扮非主流在妈妈面前假装纹身抽Y…妈妈惊了！,572,是王小白呀,181754,700,228,1394,1708,973,9357,湖北
美食制作,水煮三鲜配料：淡水鲈鱼，明虾，猪腰条肉，白菜，青瓜，从挑选食材开始，详细实用在家容易复刻哦！,319,阿蔡美食雕刻,175148,366,418,2684,3108,719,23424,福建
人文历史,皇帝出题，考试有多离谱？！考过的学生都破防了...,641,小透明明TM,893176,1197,944,14558,13430,1282,42572,福建
乐评盘点,这是我能在2024年的KPOP颁奖典礼听到的开麦吗？！2024MAMA舞台Reaction！,1099,奥里卡豆,107713,1501,716,731,1572,133,5436,山东
同人・手书,第六十七集 原始的作战方式,244,在下晚秋,40106,107,274,656,2029,34,5844,江苏
手机游戏,高能伏笔，翁法罗斯细节！星铁2.7前瞻，熟悉的陌生人？,460,Jerryprpr,86473,702,273,2312,972,415,17008,日本
综合,【扒】给黑手党老大绑窃听器，警察帮他肃清叛徒《辛普森一家》之黑白合作,321,周扒片,92678,175,94,599,525,33,7886,浙江
喵星人,不就追个猫吗，高兴的想亲我是吧,191,天下一场梦,164672,447,403,797,1698,197,15132,湖北
动漫杂谈,信息量爆炸！地平线主线回！居然全是自家人！,547,依然小智,44102,165,333,622,654,46,3373,上海
喵星人,新捡小黑猫把我当妈了，屁股撅我脸上，让我舔屁股,181,爱赖床的图图,167919,251,415,934,2265,208,19178,安徽
汽车生活,不是，谁教你这么喊人买车的？,77,广汽丰田,328735,231,402,1369,804,1310,9432,广东
配音,《 爷 爷 今 天 不 在 家 》,318,远古黑金,287427,305,279,2104,2802,380,20245,辽宁
综合,小八买北京切糕,98,呼吸菌QAQ,432368,177,438,7625,1942,5774,19275,河北
电子竞技,关羽新技巧摇摇马 瑶瑶差点没缓过来 苏打锋,150,Study苏打锋,260084,227,428,1567,1433,1493,27087,广东
手机游戏,被粉丝认出来后打了个0-5，玩的我都不好意思了,177,磊哥游戏,392019,613,2061,1073,996,448,35105,安徽
电子竞技,【CS】1v1真男人大战3.0 | 永恒不变的是他,402,G2电子竞技俱乐部,326261,301,957,3018,3513,1222,20390,上海
搞笑,如何跟麦琳魔法对轰 1,694,理论派甜点师小鱼,102935,767,740,1397,1491,995,4675,湖北
财经商业,【巫师】13000字深扒：黄圣依杨子经济链,1908,巫师财经,697532,2116,1551,11429,12073,8382,26969,北京
影视杂谈,【如懿传吐槽72+73】送汤共叙少年郎  cosplay太张扬  宝月楼上破如防  绝人后嗣挨耳光,1883,衰兰送客咸鸭蛋,177753,4569,994,1307,4982,210,10134,上海
日常,当我用麦琳的方式和小老外女友说话,135,Helin和Eva,690826,1133,1942,10595,1647,4084,56898,浙江
美食侦探,山西运城炒馍花 馒头C位出道 鸡蛋葱花强势围观,155,刘庸干净又卫生,603727,1718,2238,1966,3931,3334,66552,山西
极客DIY,《装甲车模拟器》,137,电力小子-gtetgeg,2346253,819,894,52378,11597,9710,95481,河南
音乐教学,简单才是弹琴的终极炫技,247,音乐人张筱迪,250197,215,356,4750,2945,1083,25229,江苏
日常,不实习！不给毕业证？……爆内幕！,156,侃木头哦,548309,671,2449,19809,4121,4394,98306,安徽
职业职场,职场人际最大误区: 包袱太重，闷头单干【30岁才明白的职场真相】,880,姜Dora在此,87944,380,176,4536,1794,643,4557,浙江
单机游戏,一格空岛+惊变100天【1】最变态的生存！,1301,史蒂猪StevenPig,1299598,3345,1174,30251,38741,2556,128606,贵州
动漫杂谈,案件精彩且为满月篇开端！朱蒂老师初登场！【柯南主线案件回顾第6期】,1296,哀是麦子的球迷,76501,415,232,1144,1362,84,5760,贵州
影视杂谈,车轮战4国高手！霍元甲死亡之谜？ | 漫谈电影《霍元甲》【05】,1812,Kimo桑,61674,807,269,648,1566,30,4518,广东
娱乐杂谈,高开疯走！一期比一期精彩！他们疯了，但我看开了！《再见爱人4》,1037,low君热剧,1393308,16106,5746,3916,3516,5786,35339,江苏
出行,冬季房车旅行，开始使用保温水箱和车内暖气，吃碗羊肉面好温暖,963,杨旭游记,139676,1179,337,758,2483,137,9193,北京
美食记录,也算是米饭仙人了一期,113,一杯饭1,965712,373,524,3021,513,363,42350,湖北
搞笑,爱鲁沃克重出江湖，控制奶浓！,121,呱唧菌,1485266,1200,584,56964,4714,1644,42714,河南
搞笑,上学的怨气终于有地方发泄了,30,番茄喵小剧场,1591052,575,2850,19270,1384,4724,184480,河南
电子竞技,140星排位马可教学！若结果并非所愿 那就带上双电！（第四期）,562,游苏射手教学,315752,372,566,2771,1179,298,10149,浙江
娱乐杂谈,救命啊！麦琳究极折磨所有人！《再见爱人4》看得我想死了！！！,1040,三代鹿人,2238759,20707,10280,8496,10239,22683,71100,天津
网络游戏,剑魔：这蟹黄哪老了？这蟹黄可太棒了!,520,攻其不备螃蟹王,185853,783,876,610,6226,633,15925,陕西
日常,带埃文凯尔参观圆明园:"把兽首还回来!",519,歪果仁研究协会,399520,144,247,4055,13861,300,64845,天津
电子竞技,封 印 无 状 态,531,聒噪的山海君,855539,2064,1029,3609,6745,3869,41261,陕西
单机游戏,【散人】国产恐怖《白河村》 废弃村庄之谜（完结共3P）,11915,逍遥散人,538497,4059,884,8849,10854,776,24115,上海
影视杂谈,只爱杀人放火？我就是我，最不一样的烟火（下篇）,1602,啊粥粥啊粥,360905,1424,578,2936,4617,346,14895,浙江
出行,小房车在野外露营遭遇强风天差点被大风吹翻太惊险了，晚上用自制取暖炉煮面吃真惬意,782,阿程的小房车之旅,179040,2435,1619,623,4200,125,12059,宁夏
科学科普,特大暴雪来了：大范围湿暴雪将深入东北，南方持续偏冷但暂不下雪,278,中气爱,624617,1736,4555,1894,2383,4504,36089,江苏
影视杂谈,国漫史上最大胆魔改！直接推翻一半剧情，却成8.7分神作！,1368,木鱼水心,1120858,1782,1912,9754,6469,1042,41875,北京
音乐综合,【NCT DREAM】我们之中谁最可爱? ?? | PHOTO BOOK [ENDLESS DREAM] Behind the Scenes,724,NCTDREAM,32528,1388,281,1103,677,237,2610,上海
热点,俄乌冲突似乎出现“新转折”？,1212,央视新闻,877452,5739,3492,6631,3777,1717,44559,
校园学习,大牙‖ 肖8选择题逐题精讲带背（第八套卷），全网讲解最清晰，专治零基础！,6160,大牙考研,107806,12793,511,2853,12915,129,8743,湖北
美食测评,复刻路边摊老板自创的“巧克力麻辣烫”号称人人都爱吃，真的吗？,495,馋大鑫,322822,1380,437,780,1558,396,11865,江西
校园学习,为什么学数学容易诱发心理疾病？,600,castelu,118060,238,1095,3500,825,4338,4318,浙江
数码,拔电就卡，续航作弊？带你了解离电性能！,757,笔吧评测室,146470,597,1338,1316,1414,232,9215,上海
综合,中国的粉丝你们好呀！我是艾莲・走路人，今天给大家来点真正的电音！,138,徐Toso,607218,1280,2932,10993,6839,12605,43235,上海
美食记录,德国父子终于尝到广式脆皮乳鸽和烧鹅！啃到面部扭曲唱赞歌！,989,德国陶渊明,437982,3466,1154,2530,17455,580,33515,德国
单机游戏,黑神话随机罐子挑战赛！#4,1209,肥格Fager,1279983,11005,2664,19837,25033,2241,74593,江苏
动漫杂谈,《柯南》离谱凶手！竟能让尸体主动去按门铃！,343,他说电影,1262476,959,883,9022,1289,477,61424,山东
网络游戏,二级单杀,137,直面泰山,260254,256,350,676,530,668,28523,湖南
电子竞技,【Keria】开课啦~！世一辅的S14全球总决赛复盘,1454,T1电子竞技俱乐部,153965,600,776,1481,1999,406,6591,韩国
手机游戏,【原神一条龙全收集】纳塔5.2(成就数202/火神瞳54/石盒59)镜璧山+翘枝崖+奥奇卡纳塔/宝箱/摩拉堆/玉帛/火之印/探索度/原神5.2一条龙,13878,你的影月月,5568354,32536,4643,53494,49965,5672,62593,辽宁
日常,成年人的浪漫约会就是吃健康餐！一个有点恶心的视频…我需要冬眠…！,1023,hellotina陈甜甜,59944,1114,401,898,5154,77,7113,美国
搞笑,小时候一点小姑娘样没有的我,108,大瑶同学remix,375320,257,796,1047,894,202,47314,海南
日常,给暗器加上火焰，现实版火遁术,113,能量君andy,293228,267,276,4955,1225,269,20844,江苏
出行,去雅加达看“真实印尼”，两座中国城反差巨大！,1019,破产兄弟BrokeBros,291881,623,445,2254,3305,306,17107,北京
数码,勇 闯 印 尼 数 码 城,358,阿狸才不是受,176493,655,675,1417,1092,250,19702,四川
美食制作,当留学生下课买菜回家 挑战半小时怒炒四道菜！,162,小叶在纽约_,159581,146,330,1220,616,742,13989,美国
影视杂谈,【天龙八部】本来就丧心病狂05：阿朱配和乔峰在一起吗？,1062,王知无,286794,741,397,1248,2006,62,11891,吉林
同人・手书,索拉里斯交友挑战！,61,柑贝,122990,122,177,1288,728,265,9501,四川
社科・法律・心理,一意孤行：美国第5次否决加沙停火决议，这次理由是啥？,1257,小Q不是导盲犬,1678772,12443,4221,10824,13326,4239,76619,澳大利亚
美食侦探,东北街头炒菜，肉菜12元冒尖一大盘,280,转生成为毛毛,416318,2093,1211,1065,1016,790,15988,辽宁
美食记录,云南上大分！老外第一次见到用鲜花做的美食！,274,西班牙陈挺,457263,600,792,1286,959,132,47982,四川
数码,华为Mate70系列测试：全球网速最快手机终端！,234,科技小辛,176454,1980,1750,535,697,1179,4707,广东
美食制作,大鱿鱼煮老火锅吃！,161,周大签-,514627,961,807,1588,614,1464,44617,四川
校园学习,游山玩水？一个视频讲透地理/测绘类所有专业！地理科学、自然地理与资源环境、人文地理与城乡规划、地理信息科学、测绘工程、遥感科学与技术…,2782,取景框看世界,88224,354,544,6820,4915,743,6657,上海
科学科普,一位妻子被丈夫发现和别的男人在一起，她的生活是这样被毁掉的,933,Chubbyemu,597366,5599,2149,5625,5187,2047,31457,广东
网络游戏,当你用家人转把女警和金克丝凑成一家人...,59,江鸽北主任,708495,256,320,4165,1161,1300,70306,浙江
乐评盘点,【RAY评】MAMA名场面！bigbang合体！IVE疑似队内不合？,1132,阿张RayZhang,243525,4053,879,1218,1070,548,9194,上海
单机游戏,喜大普奔！《GTA6》PC版确认制作！《最后生还者》乔尔演员回归顽皮狗新作！《博德之门3》销量超1500万！Switch 2计划在明年3月发售！2K启动器停止！,189,Steam-游戏特惠,263104,355,1851,945,572,611,6580,山东
手机游戏,因为奥奇坎淋过雨，所以他要把别人撕烂。【奥奇卡纳塔剧情解读】,2269,骚橙丶,214442,2115,1971,5230,9629,1003,19517,江苏
单机游戏,啊？还有高手？再盘点《黑神话：悟空》20个彩蛋和细节！【第七期】（金摇杆拿下啦好耶）,1014,极客羊,283128,1463,536,3603,4366,531,20115,广东
日常,故宫发现我蛐蛐他们后寄了了一大箱故宫文创盲盒给我，哈哈哈哈,266,猫der和饭饭的日常,212182,642,660,3218,1284,628,17934,天津
搞笑,我小当家做的熏鸡….！,101,声物课,210433,314,574,2195,2708,1390,20794,北京
出行,我来到纽约 美国最繁华的城市 维森来了,929,维森来了,204683,1731,663,3067,3733,266,7245,美国
日常,“我留美9年回国，发现和美国女孩相比，中国女孩好难追”,410,二狗App-单身青年故事,931909,2061,3554,5943,999,1244,14098,广东
美食制作,带一整条和牛去消防救援大队搞事情,539,小文哥吃吃吃,359543,942,462,1489,4794,242,22706,江苏
美食制作,《老两口可能忘了还有个账号》,295,结巴老爹,270736,467,402,1202,2407,370,17363,辽宁
数码,华为 Mate70 系列真机长这样！,480,钟文泽,566439,3760,4033,851,647,2430,10261,广东
社科・法律・心理,北师大心理硕士看“李行亮致命哄人，麦琳颠倒黑白？”，被创飞了！【再见爱人4reaction】（李行亮&麦琳）,3905,贤睿乙萱的心理下午茶,87527,3225,1712,657,706,268,1679,北京
购车攻略,全车进水，流浪西北，寻找自由的虎哨子,1021,几分钟义务教室,326894,983,436,1008,1734,206,9854,北京
影视杂谈,贾府冬天吃什么？盘点“红楼美人”冬天吃肉那些事儿......《红楼》番外06,972,追娘娘特别肝,155272,328,256,1606,980,199,6335,河南
人文历史,大国衰落、北魏崛起，奠定南北朝格局的参合陂之战，到底发生了什么？【两晋59】,2344,杜茹慧,73126,837,629,1242,2071,109,3992,北京
数码,骁龙8至尊版性能横评：最令人惊喜的竟然是它？,621,搞机所,285007,2302,1040,2167,1427,236,11371,广东
动漫杂谈,《生肖造神日记517》―大胆王妃。,502,熊熊仔的沙雕动画,90059,536,418,1171,1618,79,7275,贵州
特摄,【空谈特摄】又当又立失望透顶！戏里戏外昏招频出！19分钟全方位锐评《亚刻奥特曼》第19集+剧外座谈会等迷惑操作！（布莱泽联动综评）,1169,s天殇晴空s,410118,2431,4536,4035,4524,3091,15771,山东
明星综合,【时代少年团】《时代顶呱呱》EP03：小掌柜当家,5722,时代少年团,2353151,110525,2126,15656,12908,1201,48597,北京
搞笑,被谷歌翻译20次的“乾隆面试”：我是火焰和地理双学位博士！我的烤鸭是地狱之火做的。,433,中楠先生胡言乱语,590593,3575,449,10720,5123,3240,30725,山东
科学科普,【医学科普】呼噜声大！可能是你的性功能减退了！| 打呼噜需要治吗？,476,兔叭咯,689468,2169,1374,17628,19964,17154,47929,上海
手机游戏,众神之战？英雄之旅！这就是崩坏IP的全力一击！【普通星铁考据・翁法罗斯】,1427,Muc虚空之翼,200815,1890,2045,5432,10297,1099,23546,湖北
单机游戏,融合植物125：樱桃南瓜！,425,蓝飘飘fly,161922,415,1757,753,1213,151,10074,陕西
单机游戏,童年火爆全球的功夫游戏，竟暗藏惊天秘密！,1339,坏孩子的角落,545002,8082,990,12024,45308,1182,49221,江苏
电子竞技,武侯电子哥线下自证,7151,莱昂凯shyeark,332188,707,5242,734,1452,1411,7626,上海
搞笑,老四处理客人酒后不雅事件,321,老四的快乐生活,283487,508,500,826,785,216,19305,黑龙江
出行,为什么30万冰岛人口有1000万中国人？探索世界的尽头，冰岛！再次打破我的认知..,1438,猛男阿凯奇幻之旅_kay,586230,6108,1525,4354,9723,2098,19720,英国
美食侦探,出海1天捕捞3000元渔获！拿下12斤大海鱼！秦皇岛海鲜大集是真热闹啊！看看都有啥硬货？「美食接力」,1727,张开眼,245184,1357,296,3192,3352,2202,8408,北京
日常,当你在意大利餐厅把红酒洒身上了，服务员给你现场做衣服,107,YouTube精彩视频-,2137866,203,707,6797,932,800,110886,湖南
美食记录,韩国街头美食 10000元自助鸡冠油长啥样？（下水畅吃系列）,88,理查不会降落,1235318,619,1310,2120,805,322,93696,韩国
美食制作,狂奔1000公里！就为还原它？？？,354,黑猫厨房,988486,3125,877,4684,17926,706,58303,福建
校园学习,电影《好东西》100分（1）,1349,陈志新bnu,91596,104,343,1389,1258,249,5303,北京
数码,类纸膜等于柔光屏？今天给你答案！OPPO Pad 3上手体验,469,大狸子切切里,1003929,818,940,4641,3736,1332,29198,广东
影视杂谈,反转了？漫威征服者康演员被撤销指控！然而真相却是...,287,努力的Lorre,909271,980,2066,2414,713,923,36310,北京
软件应用,来自北方冬天的游戏,53,苏志燮V,4817941,1028,2650,4603,1390,1626,68622,陕西
人文历史,一群人努力的踩着自行车，只为拯救这颗巨大的“心脏”,59,只看艺眼,5347418,517,1968,4535,1323,388,111476,湖南
原创音乐,《绝区零》莱特EP丨FearLess,209,绝区零,210460,905,3630,10991,27298,5667,43479,上海
人文历史,东亚洲父！皇帝天可汗打造的东亚命运共同体,2431,渤海小吏,170386,2175,922,5134,13520,325,17588,天津
娱乐杂谈,《再见爱人》：我喜欢第一季，因为第一季的节目最正常,929,话很多的小姐姐们,73759,482,376,924,2381,564,6215,重庆
搞笑,这响的不是手机的铃声，是我事业的丧钟～,195,我是刘大悦le,266399,264,432,1591,1239,1207,37069,北京
动漫杂谈,到底是这番神了还是我颠掉了！从来没有见过这么让人不能理解的动画！！！,829,不知枫叶,140494,2513,648,2308,1205,1031,12633,广东
手机游戏,牢景站起来合集，站了这么多次，这回真的要站起来了？！,127,XP党捏,401885,345,1396,5086,547,7996,54582,广东
单机游戏,新植物：僵尸加农炮,283,潜艇伟伟迷,1056452,753,2013,3050,1994,519,40790,湖北
手机游戏,全高台六星干员 VS 巫王乐团大提琴家，逻神首败！【明日方舟】,533,樗柒c,163985,1166,342,692,679,136,10249,江西
搞笑,大型纪录片《米饭仙人传奇》“你说你吃的盐比我吃的饭还多，我看未必！”,122,阿毛纪录片传奇,595586,452,737,3484,6441,995,47684,云南
单机游戏,【STN快报第七季80】斩斧盾斧都不如旅人的黄金伐木斧,1757,STN工作室,918869,16653,2663,10670,33010,2229,63418,上海
美食侦探,家家牛肉的天花板，肉食动物的天堂，现场炒料味道封神巨下饭，成都！我又爱了！,655,老王在中国,339156,1785,629,1598,7143,649,20739,四川
美食侦探,店员：真的不能再刮了…再刮老板要我直接滚蛋,76,虾虾电子宠物版,3446057,1650,3363,2830,1421,363,45137,湖北
亲子,今天弟弟妹妹考试，早上起来一看下雨了，气温骤降啊，吃火锅来不及那就做成麻辣烫，热乎乎的。用柴火灶做麻辣烫头一回吧？,675,四胞胎的超级奶哥,266221,796,336,569,1837,187,9436,山东
出行,南极！探索世界第七大洲！,802,队霸蓝战非丶,87629,1628,961,2162,11597,2908,19392,湖南
动漫杂谈,细思极恐！异世界的炸裂伏笔！《双城之战2》07深度解析,820,利维坦mY,51743,389,566,811,1757,245,5061,湖南
模玩・周边,骷髅忍者大显神威！和模线 超限零点 孤影 零非智造 拼装模型【评头论足】,950,-评头论足-,57306,1606,1028,1635,2725,1888,5588,辽宁
MV,IRENE裴珠泫Solo出道曲Like A Flower MV公开,225,pcyxjy,356537,960,3626,6367,4408,7599,26643,广东
搞笑,重生在极寒末世的前一天，我要生存下去…,119,只因宝宝儿,155508,267,247,524,609,366,19839,河南
搞笑,上海各区拟人 | 上只角峰会,329,G僧东东,55393,575,525,526,911,1726,3450,上海
动物综合,今天主打一个有求必应,59,鸵飞飞,660381,711,505,2655,4610,180,111252,河南
单机游戏,这真是碳基生物做出来的游戏吗？【钢铁雄心4模拟人生】,647,一拳人OPM,333766,1139,779,8225,8359,4562,26747,加拿大
搞笑,不是...这个同居跟我想象中不一样啊？,139,龙龙和卷卷,210053,256,328,6548,744,1114,40226,天津
同人・手书,穿越修仙界，意外绑定拼夕夕系统，六万人都砍不死我（已完结）,3982,精品沙雕动漫动画,256305,2056,690,4305,2021,719,6880,河北
电子竞技,爆^，好\BB,347,睡梦人生Oahnait,82761,244,249,1512,1916,404,7985,湖北
搞笑,不行花点钱呢,108,迂磨二公子,258968,143,528,853,1073,212,28035,广东
单机游戏,TGA 2024：喜感拉满，黑猴稳赢！,1159,来自未来的夜猫,288645,2277,3025,1976,4973,472,12149,上海
手机游戏,全高台六星干员 VS 突袭-巫王乐团大提琴家，高台无解局？【明日方舟】,518,-碱式碳酸咸鱼-,241522,1346,999,1406,936,741,17782,陕西
手机游戏,【方舟实战论116】离“最强”先锋只差一步？输出回费生存我都要丨忍冬,862,二色彩虹,318946,795,1787,3087,5390,406,33563,上海
搞笑,“守护”每一根头发,31,甜蜜老张,833786,172,489,4102,613,946,55262,广东
美食侦探,中式流水席天花板！宁波村里的婚宴吃什么？,233,渣叔爱酒,138576,326,614,685,621,1289,5673,浙江
音乐现场,MEOVV《MEOW+BODY》MAMA火力全开全场高清舞台！,353,嗑糖少女000,428001,2769,2616,5998,2051,4443,19195,浙江
网络游戏,【弱智吧纯享】凉哥锐评元素法！,136,冲男阿凉,396829,59,499,1618,718,913,26533,浙江
电子竞技,《你辅助好强兄弟》,355,小食堂丶,167554,475,519,546,1503,532,8884,安徽
鬼畜剧场,超离谱游戏《黑历史：三国》实机剧情片段流出,211,推背兔の,411535,287,211,2629,880,697,18184,辽宁
搞笑,妈：“你上班和考公要两手抓”,141,小小段砸,526567,796,2884,3509,4785,3956,36325,四川
同人・手书,炼丹比赛？你看我这红烧丸子怎么样？,298,鄙人张三007,34819,129,180,581,1259,23,4284,山东
美食侦探,学校附近的东北菜老店，超香酱棒骨配酥炸黄花鱼，简直无敌！,701,方芳的快乐生活,440803,5671,630,1746,6062,508,24627,吉林
搞笑,《完蛋！我被麻瓜包围了》,66,三个猪鼓励,301677,246,205,1662,678,731,39811,河北
单机游戏,抄袭我的世界？却好评如潮？「一个孤独的梦 」复古物语,526,种北瓜的幽灵,640872,1396,889,13134,3663,648,37562,山东
搞笑,看她的表情，这次相亲已经拿下了！,173,善良的诚哥,1514266,1460,1648,10177,4095,2755,135163,上海
搞笑,象棋速下之御驾亲征…,69,涛哥玩配音,293549,193,681,1662,941,1258,23497,吉林
汪星人,卖面包的来了，二哈吵着要吃，主人要笑死了！,225,哈仔十一,423698,1297,1151,1055,3622,424,30118,湖南
搞笑,只能说，他也怕找不到工作。,89,碎嘴企鹅,241254,67,241,668,535,137,24069,上海
音乐综合,【ive】年末芙学，不笑赔钱,72,嘏凉,993302,1354,1805,3080,1411,9146,23041,上海
手机游戏,用上一个对手的阵容打下一个对手#33,1302,赵小天咯,66191,572,273,592,1202,27,5134,重庆
电子竞技,S15赛季[LOL]改动介绍:4款新符文!门牙塔能复活!鞋子可升级!新史诗级野怪登场!,242,LOL小绿毛资讯,447303,893,2306,738,546,7311,7463,山东
手机游戏,这体术设计的也太专业了！0命莱特，玩法介绍和实战演示,1063,莫娜摸鱼专用,100481,456,699,1019,1273,624,6266,浙江
网络游戏,【黑神话MOD】黑风山上竟空投了一架先锋级泰坦，我们将意念合一,161,雷h云云Official,527808,664,1341,5644,1232,14757,29153,浙江
搞笑,我要道歉：我抄袭了王痉挛女士的作品！,71,我叫孙火旺,392150,213,746,855,2741,255,25928,浙江
搞笑,【断网补全计划59】姐妹有脚气吗，奶龙列阵，卖给上海人，米饭仇人，业主群闹事头像，网红终结者，fac ue，挡脸穿搭，阿信唱功，三只羊复播，仓鼠互殴俱乐部,672,瞎问虾猜丶,1058814,2953,1145,6859,1966,1823,52951,天津
手机游戏,《迫害方舟》logos瞬斩巫王两个阶段？新的逃课！,114,泥萌都是托,287914,143,1577,2013,820,7817,16782,江苏
搞笑,你为什么要在网上买猪啊？？？？（爷爷网上买猪！！！）,166,开箱嘤嘤怪,606856,806,1983,2558,1812,795,44684,广东
手机游戏,爱莉凯文来崩铁！崩坏3玩家带你认识十二黄金裔!,654,果蝇轰,556459,12117,3981,14815,45551,2334,85904,上海
搞笑,麦学是什么梗【梗指南】,496,梗指南,598917,5535,3937,2371,1666,9352,26001,江西
娱乐杂谈,李行亮首提离婚，麦琳破防全体遭殃《再见爱人4》,930,鱼仔小太阳,812739,3819,1884,1910,805,1626,13720,广西
数码,如果你用的是荣耀Magic7 Pro很多事情就解决了...,452,摸鱼事务所,187348,547,369,1087,1924,265,10361,上海
电子竞技,生的渺小，死的蹊跷,159,千丝折纸鸾--琳,162821,167,289,595,1013,195,14356,山东
搞笑,《岳父酱大失败》,90,伤心欲茄222,849270,639,1083,4747,2738,7957,84734,辽宁
搞笑,我爸现在最期待的就是《再见爱人》,295,摸鱼能手邓大头,641326,1323,585,3028,8476,6380,46042,河南
手机游戏,纳塔5.2主线.zip,183,菜鸟阿彪,214423,600,781,2437,2120,690,19504,安徽
电子竞技,《魔兽争霸3》，全体主属性提升10倍后，血法真的强无敌么？,1360,公孙雅量,211615,3620,2946,1075,6016,157,14439,湖北
手机游戏,【语音段位】冻得打哆嗦,968,women51,102524,418,436,893,2174,129,9425,湖北
手机游戏,【禁闭者影像捕获】丨耶莱娜「贴身管家」,77,无期迷途,257255,328,899,1900,2853,1600,9729,上海
桌游棋牌,炉石传说：【天天素材库】 第341期,394,天天卡牌,509252,1489,965,1123,3433,1113,22048,天津
电子竞技,【双城之战2全剧情解说】小不点大救星，艾克在平行宇宙都发生了什么？,727,小王纸游戏解说,223972,843,1046,1749,775,245,11733,辽宁
单机游戏,《我的世界》将建设主题公园 新世界的探险之旅！,570,籽岷,81080,87,374,725,685,555,8253,上海
出行,走点野路子第二期：虎跳峡徒步，能遇到哪些野生小可爱？,467,知了解压萌物,624815,619,268,1206,852,140,22907,河南
单机游戏,MC史上最简单的逆天飞行！,136,特别中二的q3君,683502,411,346,9988,2981,184,72639,上海
日常,相亲居然还能这么整？,127,京东戏精周报,577657,65,415,3836,1937,3590,4494,北京
搞笑,给老公看再见爱人，气疯了,150,鲨姐和老王的异常,443522,629,890,1661,961,2242,36990,吉林
单机游戏,痛并快乐着！这就是带老婆打游戏的后果吗！？,462,龙豆卤面,563436,479,677,3038,2443,513,27835,河南
电子竞技,【1酱赛评】LPL彻底完了！T1迎来史诗级加强！剑指6冠！宙斯离队世界级传奇上单多兰加入！,542,你是想气死1酱么,184797,962,1383,738,1048,373,8264,辽宁
单机游戏,没有黑猴的世界线，我2024年度游戏就是它了，超级无敌好玩的《非生物因素》,545,游戏火立方,140193,73,293,3316,638,1886,2990,北京
电子竞技,三密银终极炼丹，帝王丹出炉！,220,云顶猫咪,532355,558,1456,953,714,3962,18906,山东
单机游戏,售价398流程5小时??年度性价比最低的游戏《乐高地平线大冒险》！,657,紫骷,306152,600,737,1248,1083,318,6888,山东
电子竞技,S13真神降临，2星就能全屏秒杀【云顶之弈】【金铲铲之战】,148,林小北Lindo,876723,590,2948,1590,942,12809,18706,浙江
单机游戏,黑神话悟空的初圣打法！！！！,23,派小天Game,1750992,154,502,3645,561,720,28096,山东
手机游戏,【崔林特尔梅之金・复刻】全关卡挂机流，豪华重制解放双手！ | 明日方舟攻略（含ZT-10，ZT-EX-8突袭，ZT-S-3突袭，ZT-S-5突袭等）,6820,自在道爷,214397,135,250,900,1940,75,4808,上海
手机游戏,《崩坏：星穹铁道》走近星穹――「星期日：今天怎么才周三！」,355,崩坏星穹铁道,461623,5181,5060,7826,14210,8839,63621,上海
手机游戏,【崩铁】星期日综合测评：拉条召唤物！武器对比+抽取建议+配队思路+星魂提升，除了景元现阶段配队思路,968,卡特亚,107826,494,1154,974,2100,898,10276,河北
手机游戏,《北极熊都能看懂的星期日测评攻略》,1156,企鹅带带北极熊,79067,484,674,801,954,438,9270,安徽
手机游戏,沈星回主线分线「离群者的远航」PV公开――这一次，我们终于真正地站在了同一边,355,恋与深空,103398,537,1509,1893,3400,2659,10723,上海
手机游戏,再见，鸣潮1.x！半周年回看,648,叫我棉被,43705,334,1095,627,1223,222,4376,山东
